Controller;Tunning;RMSE;NMRSE;MAE;MAPE;SMAPE;R2;ITAE;ISE;Control Effort;CC;Goal Range 
experiment-36-BasicPID-Ziegler.csv;207.087193;0.121544;143.720005;36.391087;15.064973;0.552407;12934.800476;3859659.485679;1991.000000;161.855043;85.555556
