File;RMSE;NMRSE;MAE;MAPE;SMAPE;R2;ITAE;ISE;Control Effort;CC;Goal Range 
Experiment-ErrorSquarePIDFull-AMIGO;1896.628447;0.250757;1294.348003;314.017655;119.459507;-0.002194;388304.401042;1079159839.870072;554276.000000;401701.738848;0.000000
