File;RMSE;NMRSE;MAE;MAPE;SMAPE;R2;ITAE;ISE;Control Effort;CC;Goal Range 
Experiment-PIWithTwoDegreesOfFreedom-AMIGO;504.949737;0.245646;408.427996;86.416445;46.428263;-0.000430;122528.398682;76492271.055293;15817.000000;3048.591509;36.333333
