File;RMSE;NMRSE;MAE;MAPE;SMAPE;R2;ITAE;ISE;Control Effort;CC;Goal Range 
Experiment-ErrorSquarePIDProportional-Ziegler;3311.157661;0.388051;2569.386667;201.134263;124.804091;-0.444575;770816.000141;3289129517.528185;1162558.000000;511712.015979;0.333333
