File;RMSE;NMRSE;MAE;MAPE;SMAPE;R2;ITAE;ISE;Control Effort;CC;Goal Range 
Experiment-IncrementalFormPID-Cohen;305.516144;0.163798;224.146667;40.540845;24.787979;-0.003271;67244.000206;28002034.217231;12317.000000;1125.667740;55.666667
