File;RMSE;NMRSE;MAE;MAPE;SMAPE;R2;ITAE;ISE;Control Effort;CC;Goal Range 
Experiment-IncrementalFormPID-Ziegler;362.035917;0.192245;266.932002;81.978158;34.096224;-0.103801;80079.600624;39321001.507716;7732.000000;515.955386;50.333333
