File;RMSE;NMRSE;MAE;MAPE;SMAPE;R2;ITAE;ISE;Control Effort;CC;Goal Range 
Experiment-PIWithTwoDegreesOfFreedom-Ziegler;360.951371;0.217572;264.007333;74.386570;33.550337;-0.100931;79202.199844;39085767.598706;7551.000000;489.682489;48.666667
