Controller;Tunning;RMSE;NMRSE;MAE;MAPE;SMAPE;R2;ITAE;ISE;Control Effort;CC;Goal Range 
experiment-40-BasicPID-Ziegler.csv;264.301250;0.158018;195.611110;48.694193;24.026809;0.440635;17604.999908;6286963.546599;1097.000000;83.306389;71.111111
experiment-41-BasicPID-Ziegler.csv;320.291074;0.154670;219.906665;66.256205;22.446812;0.337766;19791.599854;9232773.506372;1451.000000;161.156195;63.333333
experiment-42-BasicPID-Ziegler.csv;219.096737;0.140934;163.333332;25.411143;17.717244;0.548592;14699.999924;4320304.218739;1069.000000;67.518767;72.222222
experiment-43-BasicPID-Ziegler.csv;276.362774;0.158975;207.124448;79.982487;24.164939;0.372457;18641.200304;6873874.453515;854.000000;62.031232;65.555556
experiment-44-BasicPID-Ziegler.csv;264.764055;0.161107;174.093335;30.859268;19.974762;0.512061;15668.400192;6309000.441027;644.000000;55.076466;74.444444
experiment-45-BasicPID-Ziegler.csv;244.724574;0.152896;162.262219;29.338288;17.736921;0.482634;14603.599686;5390110.553085;590.000000;45.815916;76.666667
experiment-46-BasicPID-Ziegler.csv;263.343879;0.158260;183.206666;32.139289;20.578514;0.476605;16488.599976;6241499.851592;630.000000;44.139071;64.444444
experiment-47-BasicPID-Ziegler.csv;293.110709;0.168843;242.246667;36.758493;26.470999;0.391702;21802.200012;7732249.871997;950.000000;78.534581;58.888889
